rho,dt_minutes,half_life_min
0.5,1.0,1.0
0.8,1.0,3.1062837195053903
0.9,1.0,6.578813478960585
0.95,1.0,13.513407333964874
0.99,1.0,68.96756393652842
